Comments,Engagement rate,Image,Likes,Url,Date,Caption
0,0.10633066177545623%,https://instagram.fcgk18-1.fna.fbcdn.net/v/t51.2885-15/e35/s1080x1080/96585674_273055533734785_5798900772860065808_n.jpg?_nc_ht=instagram.fcgk18-1.fna.fbcdn.net&_nc_cat=101&_nc_ohc=cjxdta65u0sAX9_a-aF&oh=3c20fc0de5e1923c698fb70725e6decc&oe=5EE3E889,80,https://www.instagram.com/p/CAAY0MElnHU,Sun May 10 18:42:19 WIB 2020,"Ayo latih semua indera mu! Sambil kita melatih, sambil kita bermain! Pasti seru nih, Kals!.#kidzaniahappylearning #KidzaniaJakarta #jakartainfo #jakartahits #jakarta #indera #pancaindera #matilampu #parentingmemes #parenting #parentinglife"
0,0.09968499541449022%,https://instagram.fcgk18-1.fna.fbcdn.net/v/t51.2885-15/e35/s1080x1080/96211394_1533098286860033_4610334967172311451_n.jpg?_nc_ht=instagram.fcgk18-1.fna.fbcdn.net&_nc_cat=105&_nc_ohc=4WzB3i_otCAAX88pWdE&oh=ebe869ca81420aa3f854305e86327256&oe=5EE355ED,75,https://www.instagram.com/p/B_86RJalxTd,Sat May 09 10:17:40 WIB 2020,"Kals! Meski pun kita sedang berpuasa, tapi kita tidak boleh bermalas-malasan! Tetap produktif dan selalu perkaya dirimu dengan pelajaran-pelajaran yang diajarkan oleh guru dari rumah. Yuk simak tips agar kalian terus fokus belajar selama bulan Ramadhan ini!.#kidzaniahappylearning #KidzaniaJakarta #jakarta #jakartainfo #jktgo #infojkt #jktinfo #belajar #belajarseru #BelajarDiRumah #ramadhan #puasa"
0,0.11164719486422903%,https://instagram.fcgk18-1.fna.fbcdn.net/v/t51.2885-15/e35/s1080x1080/95957970_265617797959803_4348564147082851666_n.jpg?_nc_ht=instagram.fcgk18-1.fna.fbcdn.net&_nc_cat=103&_nc_ohc=7z8zgfc14sEAX8LIJ-M&oh=e0ba108a318a1732cc755d3ae65d9d00&oe=5EE0FF60,84,https://www.instagram.com/p/B_3oaPflIwA,Thu May 07 09:05:25 WIB 2020,"Selamat Hari Raya Waisak, untuk kalian yang merayakannya! Damai di bumi, damai di hati kita semua..#kidzaniahappylearning #waisak #vesakday #KidzaniaJakarta #parentingquotes #parentingislami #parentinganak #parentinglife #parentinggoals #parentingmemes #parentingindonesia #parentingwin #parentingblogger #parentingadvice #jktinfo #jakartahits"
2,0.16215425920757073%,https://instagram.fcgk18-2.fna.fbcdn.net/v/t51.2885-15/e35/s1080x1080/96293334_101785861498774_2807628118643960090_n.jpg?_nc_ht=instagram.fcgk18-2.fna.fbcdn.net&_nc_cat=110&_nc_ohc=8Zo7rMx9LwEAX9IJReI&oh=ab64da0661038cdcfdf44c94889c904c&oe=5EE389DC,120,https://www.instagram.com/p/B_09xpIlxu_,Wed May 06 08:14:23 WIB 2020,"Keamanan diri sendiri sangat penting di bulan suci ini, Kals! Yuk lebih waspada lagi dalam menjalani ibadah puasa kita dan konsumsi banyak air saat berbuka puasa dan sahur agar terhindar dari panas dalam..#kidzaniahappylearning #KidzaniaJakarta #puasa #ramadhan #ramadan #anak #kids #main #bermain #parentingquotes #parentingislami #parentinganak #parentinglife #parentinggoals #parentingmemes #parentingindonesia #parentingwin #parentingblogger #parentingadvice #jktinfo #jakartahits"
1,0.15550859284660473%,https://instagram.fcgk18-2.fna.fbcdn.net/v/t51.2885-15/e35/s1080x1080/95492979_1615651335268980_633282648837291684_n.jpg?_nc_ht=instagram.fcgk18-2.fna.fbcdn.net&_nc_cat=100&_nc_ohc=_1nvIMx78OcAX8PC5GU&oh=7796642eef368f03373860e0280e8d74&oe=5EE1F041,116,https://www.instagram.com/p/B_zcVVfFup5,Tue May 05 18:02:55 WIB 2020,"Membuat kue untuk mempersiapkan hari raya nanti bersama si kecil pasti akan jadi pengalaman yang tak terlupakan, moms! Yuk ajak si kecil untuk melakukan kegiatan ini!.#kidzaniahappylearning #KidzaniaJakarta #kue #cookies #puasa #ramadan #learn #belajar #bermainsambilbelajar #parentingtalk #parentingadvice"
7,0.3841195156638356%,https://instagram.fcgk18-2.fna.fbcdn.net/v/t51.2885-15/e35/s1080x1080/95860730_279413676402148_3190716009803973863_n.jpg?_nc_ht=instagram.fcgk18-2.fna.fbcdn.net&_nc_cat=104&_nc_ohc=w-eo1zijxVQAX96fAu1&oh=dc216e716fb50f6c5c4969eb7b3b7297&oe=5EE3457A,282,https://www.instagram.com/p/B_wEOtBF9WD,Mon May 04 10:34:35 WIB 2020,"Tahukah kamu, ternyata sajadah sudah banyak yang diberikan teknologi, sehingga bisa membantu dan memelihara kenyamanan selama melakukan ibadah lho! Penasaran? Ayo simak postingan ini!.#kidzaniahappylearning #KidzaniaJakarta #sajadah #tech #teknologi #sains #maindiKidZania #kidzania #bermainsambilbelajar #main"
2,0.16614165902415035%,https://instagram.fcgk18-1.fna.fbcdn.net/v/t51.2885-15/e35/s1080x1080/95267689_157099922511161_243023165489794520_n.jpg?_nc_ht=instagram.fcgk18-1.fna.fbcdn.net&_nc_cat=105&_nc_ohc=X4uAic-8jLwAX_pY7Wp&oh=e8a979e0d5e059927c542a4a5ba7bc88&oe=5EE39DC3,123,https://www.instagram.com/p/B_tVwVYFkBk,Sun May 03 09:10:00 WIB 2020,"Berpuasa cenderung bisa menyebabkan kita masuk angin, Kals!  Nah, jahe sangat membantu menghangatkan tubuh agar tidak mudah terserang masuk angin! Ayo, siapa yang sudah pernah mendapatkan jahe di Urban Forest KidZania Jakarta?.#kidzaniahappylearning #KidzaniaJakarta #maindiKidZania #antanginjunior #masukangin #emponempon #puasa #anakpuasa #ramadan #ramadhan"
0,0.0943684623257174%,https://instagram.fcgk18-1.fna.fbcdn.net/v/t51.2885-15/e35/s1080x1080/96057499_1613590908792117_1723948418463985602_n.jpg?_nc_ht=instagram.fcgk18-1.fna.fbcdn.net&_nc_cat=109&_nc_ohc=J4K-UzISY_YAX_g_rH9&oh=da29fa8a202ec0a55185706a0d516451&oe=5EE30BF6,71,https://www.instagram.com/p/B_q_Ia6l-rP,Sat May 02 11:13:50 WIB 2020,"Selamat Hari Pendidikan Nasional, Kals! Ayo lawan ketakutan dengan ilmu pengetahuan!..#KidZaniaHappyLearning #KidZaniaJakarta #MainDiKidZania"
0,0.11031806159203583%,https://instagram.fcgk18-2.fna.fbcdn.net/v/t51.2885-15/e35/s1080x1080/95500083_2346647862295132_5332295125410850643_n.jpg?_nc_ht=instagram.fcgk18-2.fna.fbcdn.net&_nc_cat=104&_nc_ohc=6BUN_nHuscgAX_3ksFz&oh=d4114379a237870a1a0760cd3b952820&oe=5EE092CE,83,https://www.instagram.com/p/B_py8HdFg4h,Sat May 02 00:08:03 WIB 2020,"Menatap hari depan dengan positif dan ceria. Terus berhubungan baik dengan keluarga dan sesama. Mendekatkan diri selalu kepada Sang Pencipta. Juga belajar untuk mengetahui banyak hal baru yang menyenangkan juga menenangkan..#kidzaniahappylearning #KidzaniaJakarta #maindiKidZania"
0,0.0930393290535242%,https://instagram.fcgk18-1.fna.fbcdn.net/v/t51.2885-15/e35/s1080x1080/95131061_961952700888347_6015502205650486187_n.jpg?_nc_ht=instagram.fcgk18-1.fna.fbcdn.net&_nc_cat=111&_nc_ohc=bHHhKIL0nnMAX-f9t2_&oh=b2d6baf357171e89cda00776ec66433f&oe=5EE08E83,70,https://www.instagram.com/p/B_pyvrCFJVK,Sat May 02 00:06:21 WIB 2020,"Bulan yang penuh kemenangan ini, selalu menjaga hati, pikiran, dan kelakuan agar lebih dimurnikan lagi. Juga membantu banyak orang dan memberikan harapan kepada sesama..#kidzaniahappylearning #KidzaniaJakarta #maindiKidZania"
0,0.1382298603080931%,https://instagram.fcgk18-1.fna.fbcdn.net/v/t51.2885-15/e35/s1080x1080/95252877_2683368465322501_8780594432908053838_n.jpg?_nc_ht=instagram.fcgk18-1.fna.fbcdn.net&_nc_cat=101&_nc_ohc=r0PP-pD8m-kAX_IbOIZ&oh=1c77cd4bae009137ca0b0957935e274f&oe=5EE3D9B8,104,https://www.instagram.com/p/B_pyjcLF7VD,Sat May 02 00:04:41 WIB 2020,"Terima kasih kepada diri sendiri yang sudah bisa bertahan dengan kondisi saat ini. Bersyukur untuk semua yang sudah terjadi dan kembali memulai banyak hal di hari yang baru..#kidzaniahappylearning #KidzaniaJakarta #maindiKidZania"
4,0.15949599266318434%,https://instagram.fcgk18-1.fna.fbcdn.net/v/t51.2885-15/e35/s1080x1080/95014515_831689764019269_7207946400910725866_n.jpg?_nc_ht=instagram.fcgk18-1.fna.fbcdn.net&_nc_cat=101&_nc_ohc=GptIdj_kMFsAX9bGNhL&oh=1f235ac1c699659ccdca47faa2b5c631&oe=5EE19E0A,116,https://www.instagram.com/p/B_oVQHNlrt8,Fri May 01 10:29:24 WIB 2020,"Ayo belajar melipat handukmu menjadi beruang lucu seperti ini! Jangan lupa share beruang handuk buatanmu di social media dan tag #KidzaniaJakarta ya!.#kidzaniahappylearning #belajarseru #maindiKidZania #bermain #belajar #handuk #aktivitasanak #kegiatananak #kegiatananakdirumah #ramadhan #anakpuasa #puasa #islamicparenting"
118,0.4279809136462113%,https://instagram.fcgk18-2.fna.fbcdn.net/v/t51.2885-15/e35/s1080x1080/95010337_184354305948694_8116597693260008134_n.jpg?_nc_ht=instagram.fcgk18-2.fna.fbcdn.net&_nc_cat=110&_nc_ohc=xrhjfUZWCPIAX_Sby51&oh=70942232530bc1a34aac3cc30f11d836&oe=5EE0F3D3,204,https://www.instagram.com/p/B_oLha9lzSX,Fri May 01 09:04:23 WIB 2020,"Sambil menunggu waktu berbuka puasa, saatnya kita kuis! Ayo jawab di kolom komentar jawabanmu dan jangan lupa tag 3 temanmu untuk ikutan kuis ini! .#kidzaniahappylearning #KidzaniaJakarta #kidzania #maindiKidZania #kuis #kuisjakarta #kuisinstagram #adakuis #miniquiz #ramadan"
2,0.11430546140861544%,https://instagram.fcgk18-1.fna.fbcdn.net/v/t51.2885-15/e35/s1080x1080/95476320_1358458267690693_3432370134839080679_n.jpg?_nc_ht=instagram.fcgk18-1.fna.fbcdn.net&_nc_cat=101&_nc_ohc=66te3PGXAUAAX--Mhl8&oh=5d3dda944896e7b451c7cc99d6dff146&oe=5EE13220,84,https://www.instagram.com/p/B_luAwjl0Nq,Thu Apr 30 10:08:02 WIB 2020,"Dear moms and dads! Di situasi seperti sekarang ini, ada baiknya semakin mengembangkan bakat dan keahlian, lho! Dengan begitu, makin banyak peluang yang akan timbul di masa depan, juga bisa mengajarkan langsung kepada si buah hati..#kidzaniahappylearning #KidzaniaJakarta #jakartahits #jakartainfo #parentingadvice #maindiKidZania #main #parenting #aktivitasanak"
0,0.13291332721932028%,https://instagram.fcgk18-2.fna.fbcdn.net/v/t51.2885-15/e35/s1080x1080/95187045_626168677932998_8051193246912947244_n.jpg?_nc_ht=instagram.fcgk18-2.fna.fbcdn.net&_nc_cat=102&_nc_ohc=33LPISEYHToAX9FHfS1&oh=5dcc1112f724727915a7f911793325cc&oe=5EE3A44F,100,https://www.instagram.com/p/B_i_eeuFLbQ,Wed Apr 29 08:42:55 WIB 2020,"Selama mengikuti ibadah puasa di bulan suci ini, kesehatan harus menjadi yang nomor satu, kals! Yuk simak Tips Sehat Berpuasa ini! Share di kolom komentar juga ya apa saja yang sudah kalian lakukan selama berpuasaðŸ˜Š..#kidzaniahappylearning #ramadhan #maindiKidZania #KidzaniaJakarta #puasa #ramadan #fasting #aktivitasanak #parents #family #parentingquotes #parentingadvice"
1,0.1382298603080931%,https://instagram.fcgk18-2.fna.fbcdn.net/v/t51.2885-15/e35/s1080x1080/94620966_155748425979166_5346566545074684905_n.jpg?_nc_ht=instagram.fcgk18-2.fna.fbcdn.net&_nc_cat=110&_nc_ohc=e9hgmPP_R8wAX99jjVS&oh=ec528572719f4030e1b6cb2e85729c7e&oe=5EE313B1,103,https://www.instagram.com/p/B_g6yw8F82R,Tue Apr 28 13:23:31 WIB 2020,"Selagi bisa, yuk belajar memasak bersama ibu di rumah! Agar kamu tidak jenuh untuk belajar lagi besok hari. Jangan lupa share dan tag KidZania ya di social media kalian!.#kidzaniahappylearning #KidzaniaJakarta #permainananak #aktivitasanak #kegiatananak #kegiatananakdirumah #parentingdirumah #family"
1,0.08772279596475138%,https://instagram.fcgk18-1.fna.fbcdn.net/v/t51.2885-15/e35/s1080x1080/94436223_1112542639138784_7474794686648006470_n.jpg?_nc_ht=instagram.fcgk18-1.fna.fbcdn.net&_nc_cat=108&_nc_ohc=lqbmo2CTTXEAX9q1Ih9&oh=d96f6d29586dcecafa38b15d98e48642&oe=5EE26005,65,https://www.instagram.com/p/B_eLxi5len5,Mon Apr 27 11:54:11 WIB 2020,"Di bulan yang baik ini, yuk kita berbagi kepada teman-teman dan orang yang sedang membutuhkan uluran tangan kita. Apa dari kalian sudah ada yang berbagi? Share di kolom komentar ya!.#kidzaniahappylearning #KidzaniaJakarta #berbagi #ramadan #ramadhan #maindiKidZania #kegiatananak #kegiatananakdirumah #aktivitasanak #parentingadvice #parentinggoals"
0,0.0943684623257174%,https://instagram.fcgk18-1.fna.fbcdn.net/v/t51.2885-15/e35/s1080x1080/94298556_693429464735933_3040694874453532022_n.jpg?_nc_ht=instagram.fcgk18-1.fna.fbcdn.net&_nc_cat=105&_nc_ohc=ats4wUKiQ5UAX85oODb&oh=b565f5bc46027883cb87cfd254ce04cd&oe=5EE3C349,71,https://www.instagram.com/p/B_XD32rlc2e,Fri Apr 24 17:30:27 WIB 2020,"Selamat menjalani ibadah puasa bagi semua yang menjalani. Semoga di bulan suci ini, kita bisa semakin dekat dengan Sang Pencipta dan juga keluarga. .#KidZaniaDiRumahAja #mainDiRumahAja #dirumahaja #ramadan #puasa #kidzaniaathome"
0,0.091710195781331%,https://instagram.fcgk18-2.fna.fbcdn.net/v/t51.2885-15/e35/s1080x1080/93359072_102512031400924_1066640399506349883_n.jpg?_nc_ht=instagram.fcgk18-2.fna.fbcdn.net&_nc_cat=104&_nc_ohc=tomTFOcOqNoAX8hgg3r&oh=37c23afebd2755072629e40aa1ec1b33&oe=5EE06303,69,https://www.instagram.com/p/B_TwXgiFuEL,Thu Apr 23 10:42:17 WIB 2020,"Siapa yang pernah memperbaiki alat-alat atau mainan yang sudah rusak sehingga kembali berfungsi? Nah, coba kegiatan ini yuk selama #dirumahaja. Jika bingung, banyak video tutorial di youtube atau google yang bisa kamu gunakan untuk memandu! Jika sudah selesai dan alatnya kembali berfungsi, jangan lupa share di social media mu dan tag #KidzaniaJakarta ya!.#KidZaniaDiRumahAja #mainDiRumahAja #maindirumah #kegiatananakdirumah #kegiatananak #mainananak #islamicparenting #anaksoleh #anaksolehah #mainan #kidzaniaathome"
4,0.07443146324281937%,https://instagram.fcgk18-1.fna.fbcdn.net/v/t51.2885-15/fr/e15/p1080x1080/93857571_253408312511945_6984943629642997091_n.jpg?_nc_ht=instagram.fcgk18-1.fna.fbcdn.net&_nc_cat=105&_nc_ohc=OYZvpxLpLUAAX8s6dQO&oh=c312229bca1567a5187018a7dca416d5&oe=5EBB1227,52,https://www.instagram.com/p/B_R8lxDlICF,Wed Apr 22 17:58:24 WIB 2020,"Bosan saat #BelajarDiRumah?? Yuk dengarkan sampai selesai untuk menghilangkan kebosanan mu selama belajar #dirumahaja! Boleh dipraktekan bersama keluarga mu dan share di account social media mu ya!.#KidZaniaDiRumahAja #KidZaniaathome"
0,0.07310232997062616%,https://instagram.fcgk18-1.fna.fbcdn.net/v/t51.2885-15/e35/s1080x1080/93809942_694052058028201_6701801508456591017_n.jpg?_nc_ht=instagram.fcgk18-1.fna.fbcdn.net&_nc_cat=101&_nc_ohc=mEq2mw5Or_UAX9XKdVk&oh=83ed84a8f036e3e02b619b33e35440a7&oe=5EE17E4C,55,https://www.instagram.com/p/B_RTxYiF89S,Wed Apr 22 11:53:56 WIB 2020,"Ayo bermain theater bersama ibu, ayah, kakak, dan adik! Pasti seru dan menyenangkan bila bermain peran bersama keluarga. Jangan lupa untuk rekam dan share di social media mu juga tag #KidzaniaJakarta ya!.#KidZaniaDiRumahAja #kidzaniaathome #theatre #aktivitasanak #selfquarantine #kegiatananak #permainananak #keluarga #family #mainDiRumahAja #maindirumah #parentinggoals"
0,0.0943684623257174%,https://instagram.fcgk18-1.fna.fbcdn.net/v/t51.2885-15/e35/s1080x1080/94068496_223661979072057_3475257902484240621_n.jpg?_nc_ht=instagram.fcgk18-1.fna.fbcdn.net&_nc_cat=109&_nc_ohc=2DIc4RQoNEcAX9sQ58r&oh=78c4e0bc684d2a704252af363281dac2&oe=5EE2CA3C,71,https://www.instagram.com/p/B_POfgyF70G,Tue Apr 21 16:29:19 WIB 2020,"Selamat hari kartini untuk semua wanita Indonesia! Semangat wanita Indonesia untuk selalu menjadi teladan dan mengambil peran-peran penting di situasi sulit ini!.#KidZaniaDiRumahAja #KidzaniaJakarta #harikartini #kartini #mainDiRumahAja #kidzaniaathome #parentingadvice #parentingblogger #parentingdirumah"
0,0.08373539614817178%,https://instagram.fcgk18-2.fna.fbcdn.net/v/t51.2885-15/e35/s1080x1080/93991082_720581882019216_178790231752606518_n.jpg?_nc_ht=instagram.fcgk18-2.fna.fbcdn.net&_nc_cat=100&_nc_ohc=br6Smj3q9ecAX-b3xnE&oh=2754b8244c26273d26e4013c764fea62&oe=5EE31644,63,https://www.instagram.com/p/B_MWTLnl4pM,Mon Apr 20 13:39:49 WIB 2020,"Siapa bilang kamu tidak bisa jalan-jalan selama #dirumahaja? Ayo coba kegiatan ini agar tidak bosan selama masa karantina ini ya!.#KidZaniaDiRumahAja #mainDiRumahAja #dirumahaja #mitsubishi #kegiatananak #aktivitasanak #kidzaniaathome #islamicparenting #parentingadvice #parenting"
1,0.11164719486422903%,https://instagram.fcgk18-1.fna.fbcdn.net/v/t51.2885-15/e35/s1080x1080/93628736_704937133607919_4002003476978421417_n.jpg?_nc_ht=instagram.fcgk18-1.fna.fbcdn.net&_nc_cat=103&_nc_ohc=hSo6_gADh8gAX_RfQos&oh=d3395160575db5ac15e3345ba1b883ba&oe=5EE2A24E,83,https://www.instagram.com/p/B_KD_yBl0YV,Sun Apr 19 16:21:24 WIB 2020,"Selama di rumah, pasti kalian jarang memakai sepatu kan? Yuk, mulai membersihkan sepatu kalian yang sudah satu bulan lebih tidak dipakai agar terhindar dari bakteri jahat yang bisa merusak sepatumu..#KidZaniaDiRumahAja #mainDiRumahAja #dirumahaja #sepatu #sneakers #aktivitasanak #kegiatananakdirumah #kegiatananak #kidzaniaathome"
0,0.10765979504764943%,https://instagram.fcgk18-1.fna.fbcdn.net/v/t51.2885-15/e35/s1080x1080/93771610_217805276179959_8913974985000290184_n.jpg?_nc_ht=instagram.fcgk18-1.fna.fbcdn.net&_nc_cat=103&_nc_ohc=8Qq7qdrOHTkAX9qyTgq&oh=952f21b149c3623d27b5e9ecb5a427dd&oe=5EE41B8D,81,https://www.instagram.com/p/B_G5ofAFAR_,Sat Apr 18 10:53:07 WIB 2020,"Selain berbagi ke sesama, baiknya kita memperhatikan ekosistem lingkungan kita, kals! Yuk, buat rumah untuk burung-burung yang ada di lingkunganmu dari kotak susu bekas yang sudah tidak terpakai! Dengan begitu, kita bisa menjaga keseimbangan alam dan ikut memelihara burung-burung liar di sekitar rumah kita..#KidZaniaDiRumahAja #mainDiRumahAja #KidzaniaJakarta #aktivitasanak #kegiatananakdirumah #kegiatananak #islamicparenting #parentinggoals #burung"
23,0.1448755266690591%,https://instagram.fcgk18-2.fna.fbcdn.net/v/t51.2885-15/e35/s1080x1080/93396531_660486138104482_4999129864007426453_n.jpg?_nc_ht=instagram.fcgk18-2.fna.fbcdn.net&_nc_cat=110&_nc_ohc=ePqfz-0jt40AX9dbkNP&oh=ff1ef131879e6b0204c4d69d9431c3e7&oe=5EE27A8C,86,https://www.instagram.com/p/B_Eqr_6FfFR,Fri Apr 17 14:04:03 WIB 2020,"Kals, apa kalian tahu gambar apa ini? Coba share di kolom komentar ya!.#KidZaniaDiRumahAja #kuis #mainDiRumahAja #dirumahaja #KidzaniaJakarta #main #infokuisjakarta #adakuis #kidzaniaathome"
0,0.10101412868668341%,https://instagram.fcgk18-1.fna.fbcdn.net/v/t51.2885-15/e35/s1080x1080/93060029_243273006862317_3090062090178451284_n.jpg?_nc_ht=instagram.fcgk18-1.fna.fbcdn.net&_nc_cat=109&_nc_ohc=QV0mKGOX8wcAX_OboVw&oh=cd82cae11c068b24fe574941c476db6e&oe=5EE2EF7F,76,https://www.instagram.com/p/B_Bpx7hl3xG,Thu Apr 16 09:58:24 WIB 2020,"Yuk bermain menjadi polisi bersama keluarga di rumah! Pasti seru!.#KidzaniaJakarta #KidZaniaDiRumahAja #mainDiRumahAja #kidzaniaathome #kegiatananak #kegiatananakdirumah"
0,0.11031806159203583%,https://instagram.fcgk18-2.fna.fbcdn.net/v/t51.2885-15/e35/s1080x1080/93467771_271929197150146_5800254572318118590_n.jpg?_nc_ht=instagram.fcgk18-2.fna.fbcdn.net&_nc_cat=110&_nc_ohc=tHMZGOHPE4kAX-IO1YI&oh=63a2a1c54e4326cf73cf727ac2c4bd16&oe=5EE0710A,83,https://www.instagram.com/p/B-_s_e_F7cX,Wed Apr 15 15:47:59 WIB 2020,"Karena masih lama periode waktu #BelajarDiRumah, yuk simak tips Cara Seru Belajar di Rumah ini! Agar kamu tidak bosan dan bisa tetap fokus belajarnya meski pun dari rumah!.#KidZaniaDiRumahAja #dirumahaja #KidzaniaJakarta #jakarta #infopelajar #infopensi #belajar #mainDiRumahAja #kidzaniaathome"
0,0.08772279596475138%,https://instagram.fcgk18-2.fna.fbcdn.net/v/t51.2885-15/e35/s1080x1080/92962280_219213552644860_332309481490311929_n.jpg?_nc_ht=instagram.fcgk18-2.fna.fbcdn.net&_nc_cat=104&_nc_ohc=ydsurEU3vLQAX-h8g9o&oh=5aeb603ceb8f30cfd2024335403307a6&oe=5EE3A8B3,66,https://www.instagram.com/p/B-9Pzgflji-,Tue Apr 14 16:54:27 WIB 2020,"Apa kamu punya binatang peliharaan di rumah? Tambah binatang mu di rumah dengan membuat diorama binatang sendiri! Kapan lagi gajah bisa masuk ke rumah mu?.#KidZaniaDiRumahAja #KidzaniaJakarta #jakarta #kegiatananak #mainDiRumahAja #kegiatananakdirumah #aktivitasanak #kidzaniaathome"
1,0.08240626287597858%,https://instagram.fcgk18-2.fna.fbcdn.net/v/t51.2885-15/e35/s1080x1080/93139925_244858080234566_7087696256932085702_n.jpg?_nc_ht=instagram.fcgk18-2.fna.fbcdn.net&_nc_cat=102&_nc_ohc=Ghb-tYfr5isAX-R8OpS&oh=662e1d59980278e406529adede21cc6e&oe=5EE1F2F5,61,https://www.instagram.com/p/B-6-LXNFr_H,Mon Apr 13 19:41:57 WIB 2020,"Kals, tahu kah kalian kalau warna bisa mempengaruhi mood kamu seharian? Yuk bermain warna di rumah agar mood bosan saat #dirumahaja hilang!.#KidZaniaDiRumahAja #mainDiRumahAja #mainananak #KidzaniaJakarta #aktivitasanak #kegiatananak #kegiatananakdirumah #kidzaniaathome"
0,0.12759679413054748%,https://instagram.fcgk18-2.fna.fbcdn.net/v/t51.2885-15/e35/s1080x1080/93753749_222038655784678_8676281967598929776_n.jpg?_nc_ht=instagram.fcgk18-2.fna.fbcdn.net&_nc_cat=110&_nc_ohc=ar4_FT8k18IAX-45TUG&oh=cc60302f0c6f7034ab40966c52ef8911&oe=5EE0C310,96,https://www.instagram.com/p/B-6b-UIloVA,Mon Apr 13 14:43:04 WIB 2020,"Bagaimana meningkatkan imun tubuh?Yuk swipe untuk tau lebih lengkapnya!.#KidZaniaDiRumahAja #KidzaniaJakarta #mainDiRumahAja #kidzaniaathome #imun #immunesupport #immunebooster #immunesystem"
2,0.11430546140861544%,https://instagram.fcgk18-2.fna.fbcdn.net/v/t51.2885-15/e35/s1080x1080/92698282_572662990017550_8336312552559922803_n.jpg?_nc_ht=instagram.fcgk18-2.fna.fbcdn.net&_nc_cat=110&_nc_ohc=ZOICIu6DRRYAX-2HFI7&oh=887c2d8eb343ade4a2e15ae485043e1a&oe=5EE37B58,84,https://www.instagram.com/p/B-4SIzGlMRE,Sun Apr 12 18:38:38 WIB 2020,"Ayo kita menjadi warga dunia yang aktif! Tulis keresahanmu, bagaimana menurutmu cara menyelesaikannya, dan sampaikan ide mu kepada pemimpin dunia saat ini! Jangan lupa, surat yang sudah selesai, boleh kalian share di akun social media kalian dan tag #KidzaniaJakarta ya!.#KidZaniaDiRumahAja #mainDiRumahAja #kidzaniaathome #kids"
0,0.0943684623257174%,https://instagram.fcgk18-1.fna.fbcdn.net/v/t51.2885-15/e35/s1080x1080/92691989_262954061400745_4082582845689547264_n.jpg?_nc_ht=instagram.fcgk18-1.fna.fbcdn.net&_nc_cat=101&_nc_ohc=LtPOLya905QAX8hKh7r&oh=2784930d4f9498076463d8927fc4ddd5&oe=5EE05144,71,https://www.instagram.com/p/B-35mKEFkZ7,Sun Apr 12 15:04:12 WIB 2020,"Selamat Paskah untuk yang merayakan! KebangkitanNya memberi kemenangan bagi setiap kita..#KidZaniaDiRumahAja #mainDiRumahAja #KidzaniaJakarta #kidzania #kidzaniaathome #easter #paskah #passover"
3,0.20468652391775324%,https://instagram.fcgk18-1.fna.fbcdn.net/v/t51.2885-15/e35/s1080x1080/92951339_910137226081659_6557861689230642098_n.jpg?_nc_ht=instagram.fcgk18-1.fna.fbcdn.net&_nc_cat=103&_nc_ohc=gimViexV9HwAX-tgfFo&oh=793ac0dc2ab3b982104f12edb96e773a&oe=5EE04B0B,151,https://www.instagram.com/p/B-2AQPflRYU,Sat Apr 11 21:23:53 WIB 2020,"Mengikuti langkah pemerintah dalam mencegah penyebaran COVID-19, KidZania Jakarta untuk sementara tidak beroperasi hingga pemberitahuan lebih lanjut..Untuk kalian yang rindu #maindiKidZania, jangan lupa untuk mematuhi aturan PSBB yang diberlakukan oleh pemerintah ya, agar virus jahat ini cepat berhenti dan KidZania kembali beroperasi..Tetap jaga kebersihan, kesehatan, juga jaga semangat dan selalu positif selama kalian #dirumahaja, ya!.#KidZaniaDiRumahAja #mainDiRumahAja #KidzaniaJakarta #kidzaniaathome"
0,0.15550859284660473%,https://instagram.fcgk18-1.fna.fbcdn.net/v/t51.2885-15/e35/s1080x1080/93013519_510959976241436_8820278234658105959_n.jpg?_nc_ht=instagram.fcgk18-1.fna.fbcdn.net&_nc_cat=108&_nc_ohc=7qjKae9f1uUAX_J4_GO&oh=fb3dc64b156d1647fdea6772e65443c6&oe=5EE29657,117,https://www.instagram.com/p/B-zVaZhlT31,Fri Apr 10 20:31:03 WIB 2020,"Yuk belajar jadi reporter travel! Meski pun tidak boleh keluar rumah dulu, kita bisa seakan menjadi reporter travel di JEPANG! Ayo ikutan!!.#KidZaniaDiRumahAja #mainDiRumahAja #KidzaniaJakarta #jakarta #parentingblogger #playroom #maindirumah #kidzaniaathome"
0,0.09038106250913779%,https://instagram.fcgk18-2.fna.fbcdn.net/v/t51.2885-15/e35/s1080x1080/92395123_106125137623846_5969287858635264177_n.jpg?_nc_ht=instagram.fcgk18-2.fna.fbcdn.net&_nc_cat=110&_nc_ohc=jUVpG71j8K8AX_dZjZk&oh=2b1436f9bcb18f5e45fdfb6c57d3558b&oe=5EE1CAA8,68,https://www.instagram.com/p/B-yw0UOlUy2,Fri Apr 10 15:11:17 WIB 2020,"Selamat memperingati Hari Kematian Isa Almasih. Meski pun hanya beribadah dari rumah, kiranya cinta-Nya terus memberikan damai dan ketenangan di hati kita semua..#goodfriday #KidZaniaDiRumahAja #dirumahaja #mainDiRumahAja #KidzaniaJakarta"
0,0.15417945957441154%,https://instagram.fcgk18-1.fna.fbcdn.net/v/t51.2885-15/e35/s1080x1080/92823170_320289582283033_8989274539757150742_n.jpg?_nc_ht=instagram.fcgk18-1.fna.fbcdn.net&_nc_cat=101&_nc_ohc=EeAMZKxJY3oAX-kq1qk&oh=60a9b9fc4bc7f0aa711c44b23603cd4a&oe=5EE352F9,116,https://www.instagram.com/p/B-yFaMnlr8h,Fri Apr 10 08:51:59 WIB 2020,"Kals, berikut adalah jumlah pasien yang sudah kembali sehat setelah terkena COVID-19. Banyak kan?? Ayo kita terus melawan virus jahat ini dengan terus #dirumahaja, menjaga kebersihan dan kesehatan diri, selalu tenang dan membuat hati senang,  juga mengikuti anjuran-anjuran yang diberikan oleh pemerintah ya! Stay hygiene and healthy, kals!.#KidZaniaDiRumahAja #KidzaniaJakarta #mainDiRumahAja #COVID19 #sehat #sembuh #outbreak #kidzaniaathome"
0,0.10234326195887662%,https://instagram.fcgk18-2.fna.fbcdn.net/v/t51.2885-15/e35/s1080x1080/92242853_304664957184018_6390937244913938475_n.jpg?_nc_ht=instagram.fcgk18-2.fna.fbcdn.net&_nc_cat=106&_nc_ohc=UwRCH0X7udYAX9K5lhp&oh=9b715ee9c761783c07adf83d073f3c09&oe=5EE340F2,77,https://www.instagram.com/p/B-wLZ28Fp5b,Thu Apr 09 15:05:53 WIB 2020,"Ayo kita lakukan percobaan lagi sambil bermain! Yuk kita bermain gelembung dengan membuat larutannya sendiri! Selamat mencoba, Kals!.#KidZaniaDiRumahAja #mainDiRumahAja #KidzaniaJakarta #dirumahaja #kidzaniaathome"
1,0.07841886305939896%,https://instagram.fcgk18-2.fna.fbcdn.net/v/t51.2885-15/e35/s1080x1080/92017855_555151271785114_5545547691025481475_n.jpg?_nc_ht=instagram.fcgk18-2.fna.fbcdn.net&_nc_cat=110&_nc_ohc=IXcKhoD-z_EAX-TSBRq&oh=9f4705ab9a29b5981fadd3a0b41b1cee&oe=5EE3A938,58,https://www.instagram.com/p/B-twfFOFuqM,Wed Apr 08 16:32:11 WIB 2020,"Kals, yuk kita belajar menabung mulai sekarang! Belajar untuk menahan diri menghabiskan uang dan menyimpannya untuk masa depan ketika kita membutuhkan!.#KidZaniaDiRumahAja #mainDiRumahAja #dirumahaja #KidzaniaJakarta #kidzaniaathome #parentingblogger #parentingadvice #parentinggoals #parentinglife #parentinghacks"
41,0.2777888538883794%,https://instagram.fcgk18-2.fna.fbcdn.net/v/t51.2885-15/e35/s1080x1080/92046151_2628021514078627_5965537080088941467_n.jpg?_nc_ht=instagram.fcgk18-2.fna.fbcdn.net&_nc_cat=107&_nc_ohc=EWoX6Cny7jwAX_4sq6X&oh=cc66701ec31a0b98dc09f0f0d8bbc249&oe=5EE223D5,168,https://www.instagram.com/p/B-tJayzlx4c,Wed Apr 08 10:50:48 WIB 2020,"It's quiz time!! Ayo share di kolom komentar jawabanmu dari pertanyaan yang ada pada gambar!.#KidZaniaDiRumahAja #mainDiRumahAja #KidzaniaJakarta #kuis #kuisinstagram #miniquiz #awan #quiz #adakuis #infokuis #kidzaniaathome"
2,0.16215425920757073%,https://instagram.fcgk18-1.fna.fbcdn.net/v/t51.2885-15/e35/s1080x1080/92244943_129642021962960_4908669373877291829_n.jpg?_nc_ht=instagram.fcgk18-1.fna.fbcdn.net&_nc_cat=108&_nc_ohc=JQOrFeoCJG0AX8ulnmo&oh=81e549fff50a2fefcdfb27fa2d96db4a&oe=5EE1D1EA,120,https://www.instagram.com/p/B-rTpiGlct1,Tue Apr 07 17:41:43 WIB 2020,"PENGUMUMAN!Selaras dengan langkah pemerintah Indonesia dalam memastikan seluruh anak dan keluarga sehat dan aman, KidZania Jakarta memperpanjang penutupan operasional hingga 12 April 2020Tetap menjaga menjaga higienitas serta tidak bepergian keluar rumah dulu, ya Kals. Jangan lupa isi kegiatan di rumah mu dengan hal-hal positif dan menyehatkan! Sampai jumpa di KidZania Jakarta tanggal 13 April 2020ZanK-U!.#mainDiRumahAja #KidZaniaDiRumahAja #kidzaniaathome #KidZaniaJakarta #kidzania #COVID19 #dirumahaja #hygiene #healthy #sehat"
1,0.11962199449738825%,https://instagram.fcgk18-2.fna.fbcdn.net/v/t51.2885-15/e35/s1080x1080/91986403_216781706078899_2180827492914956863_n.jpg?_nc_ht=instagram.fcgk18-2.fna.fbcdn.net&_nc_cat=107&_nc_ohc=TMgGCiKT6MoAX87Jd6M&oh=1e60dd472d1f9e5405c1a75eede9b257&oe=5EE42D22,89,https://www.instagram.com/p/B-q4tbklUCz,Tue Apr 07 13:46:19 WIB 2020,"Teruntuk para moms & dads! Yuk kita sadari kalau anak adalah peniru yang baik dan mereka akan mencontoh apa yang dilakukan oleh orang tua mereka. Jadi, mari kita menjadi contoh yang baik agar anak-anak bisa menjadi orang yang lebih baik dalam kesehariannya!.#KidZaniaDiRumahAja #KidzaniaJakarta #mainDiRumahAja #dirumahaja #kidzania #kidzaniaathome #contoh #parentingblogger #parentingadvice #parenting #parentinggoals #parentingislami"
2,0.16215425920757073%,https://instagram.fcgk18-2.fna.fbcdn.net/v/t51.2885-15/e35/s1080x1080/92635710_237942974023794_2607959402853262582_n.jpg?_nc_ht=instagram.fcgk18-2.fna.fbcdn.net&_nc_cat=106&_nc_ohc=l7ch1tyLZLQAX-n20Cp&oh=a1bea06085e852313f53388756f6d613&oe=5EE2477D,120,https://www.instagram.com/p/B-ozMQvF4L_,Mon Apr 06 18:19:37 WIB 2020,"Jika harimu cukup panas, banyak tugas dari sekolah yang harus kalian selesaikan #dirumahaja, yuk coba buat teh segar! Siapa tahu, setelah membuat teh ini badan mu kembali segar dan bisa lebih fokus menjalani hari dan mengerjakan semua tugas-tugas mu!.#KidZaniaDiRumahAja #mainDiRumahAja #KidzaniaJakarta #kidzaniaathome #aktivitasanak #kegiatananakdirumah #kegiatananak"
0,0.1422172601246727%,https://instagram.fcgk18-2.fna.fbcdn.net/v/t51.2885-15/e35/s1080x1080/92024224_221984492341012_583306145934678707_n.jpg?_nc_ht=instagram.fcgk18-2.fna.fbcdn.net&_nc_cat=104&_nc_ohc=Jl8erHer2tAAX8ZW7EX&oh=703890028578207fc3c478fd223d0a67&oe=5EE237A4,107,https://www.instagram.com/p/B-oFn7AF7J9,Mon Apr 06 11:41:27 WIB 2020,"KENAPA SIH HARUS MELAKUKAN PHYSICAL DISTANCING?Yuk swipe untuk lebih jelasnya!.#KidZaniaDiRumahAja #dirumahaja #mainDiRumahAja #KidzaniaJakarta #kidzaniaathome #physicaldistancing #socialdistancing"
4,0.12892592740274067%,https://instagram.fcgk18-2.fna.fbcdn.net/v/t51.2885-15/e35/s1080x1080/91888478_1110554432632944_5070757278970479821_n.jpg?_nc_ht=instagram.fcgk18-2.fna.fbcdn.net&_nc_cat=100&_nc_ohc=VZf3izoRzzoAX_K2O6e&oh=7314cfe019d7bdbca03e94f19c45e5d4&oe=5EE1E5DA,93,https://www.instagram.com/p/B-mNrsYlISc,Sun Apr 05 18:13:23 WIB 2020,"Siapa yang senang mendegarkan radio? Yuk coba jadi penyiar #dirumahaja! Pasti seru!.#KidZaniaDiRumahAja #mainDiRumahAja #KidzaniaJakarta #kidzaniaathome"
0,0.09968499541449022%,https://instagram.fcgk18-1.fna.fbcdn.net/v/t51.2885-15/e35/s1080x1080/91480814_659710254784117_4398174925115009117_n.jpg?_nc_ht=instagram.fcgk18-1.fna.fbcdn.net&_nc_cat=101&_nc_ohc=aEsJAxEkD94AX9s33CB&oh=83499293bcb9ffe1f899350da1f294a4&oe=5EE2244A,75,https://www.instagram.com/p/B-jtBeUFJQv,Sat Apr 04 18:49:31 WIB 2020,"Yuk belajar jadi wartawan #dirumahaja! Jangan lupa post catatanmu dan tag #KidzaniaJakarta ya!.#KidZaniaDiRumahAja #mainDiRumahAja #wartawan #jktgo #jktinfo #mainananak #kidzaniaathome"
0,0.19139519119582118%,https://instagram.fcgk18-2.fna.fbcdn.net/v/t51.2885-15/e35/s1080x1080/92204128_244588680028548_6271790561971384173_n.jpg?_nc_ht=instagram.fcgk18-2.fna.fbcdn.net&_nc_cat=100&_nc_ohc=MWt6E9n7XrkAX8OqiPz&oh=474248d19b13160bf562a2a5a62946ed&oe=5EE09A70,144,https://www.instagram.com/p/B-i8ikPl9Um,Sat Apr 04 11:45:52 WIB 2020,"Langkah terakhir dalam cara mencuci tangan yang benar adalah mengeringkan tanganmu, Kals! Jangan sampai tangan mu dibiarkan tetap basah, karena beberapa bakteri malah berkembang lebih cepat di tangan yang basah..#KidZaniaDiRumahAja #dirumahaja #mainDiRumahAja #kidzania #kidzaniaathome #main"
0,0.11430546140861544%,https://instagram.fcgk18-2.fna.fbcdn.net/v/t51.2885-15/e35/s1080x1080/91549376_353408282263898_9108581370704504002_n.jpg?_nc_ht=instagram.fcgk18-2.fna.fbcdn.net&_nc_cat=102&_nc_ohc=nMIEC0F2sS0AX9O9Vld&oh=1abf9bf428a2f1c0ce59fa8cfe0998e0&oe=5EE1EA14,86,https://www.instagram.com/p/B-g0-X8lQo0,Fri Apr 03 16:01:17 WIB 2020,"Ayo kreatif di rumah! Hari ini, coba buat figur-figur menarik dari gula, yuk!? Selain menambah kreativitas, jika dilakukan dengan keluarga di rumah bisa lebih seru dan menguatkan ikatan anak dan orang tua. Yuk coba!.#KidZaniaDiRumahAja #dirumahaja #mainDiRumahAja #KidzaniaJakarta #main #aktivitasanak #kegiatananakdirumah #kegiatananak #anak #anakpintar #kidzaniaathome"
0,0.12360939431396785%,https://instagram.fcgk18-1.fna.fbcdn.net/v/t51.2885-15/e35/s1080x1080/91369873_146429286907441_3315250872519314058_n.jpg?_nc_ht=instagram.fcgk18-1.fna.fbcdn.net&_nc_cat=101&_nc_ohc=bGh_0DrMb5sAX_G_GGZ&oh=24579fc03abb2fc388c50acef1b0f718&oe=5EE20A0E,93,https://www.instagram.com/p/B-gJDLzFyWE,Fri Apr 03 09:37:27 WIB 2020,"Salah satu yang buat kita tidak bosan #dirumahaja adalah kita bisa berkomunikasi dengan teman atau keluarga di luar sana menggunakan internet! Selain itu, kita juga bisa belajar online, menonton film, juga membaca artikel-artikel menarik lainnya menggunakan internet! Gunakan internet untuk hal-hal positif dan membangun ya, Kals!.#KidZaniaDiRumahAja #KidzaniaJakarta #mainDiRumahAja #dirumahaja #kidzaniaathome #iot #internet #mainananak #anak #kegiatananak"
0,0.1369007270358999%,https://instagram.fcgk18-2.fna.fbcdn.net/v/t51.2885-15/e35/s1080x1080/91607263_513837119502448_8536066285312482110_n.jpg?_nc_ht=instagram.fcgk18-2.fna.fbcdn.net&_nc_cat=104&_nc_ohc=ku-LdOukQ2EAX83gyJX&oh=92290d69f54afb6eae9c0df9e6c4b785&oe=5EE3A8C7,103,https://www.instagram.com/p/B-eVNBoFxsE,Thu Apr 02 16:45:11 WIB 2020,"Mengendalikan emosi itu sangat penting, moms! Apa lagi dalam membesarkan dan merawat si kecil. Yuk coba teknik pernapasan ini sebelum terbawa emosi dan mengendalikannya..#KidZaniaDiRumahAja #mainDiRumahAja #kidzaniaathome #mainananak #yoga #breathe #sabar"
5,0.20734479046213963%,https://instagram.fcgk18-1.fna.fbcdn.net/v/t51.2885-15/e35/s1080x1080/91552270_557034731685495_414969345976254086_n.jpg?_nc_ht=instagram.fcgk18-1.fna.fbcdn.net&_nc_cat=103&_nc_ohc=E08G1x3LIcAAX_LfP1k&oh=e4d725ae773ec7f7d04384337951cbe6&oe=5EE1E3B8,151,https://www.instagram.com/p/B-eAYMjlUYV,Thu Apr 02 13:43:12 WIB 2020,"Bosan ketika hanya #dirumahaja memang cukup mengganggu ya, Kals. Tapi, kita semua harus sabar. Karena nanti pada waktu yang tepat, semua ini akan bisa kita lewati dan kita akan menjadi lebih kuat dari sebelumnya. Semangat ya, Kals!.#KidZaniaDiRumahAja #mainDiRumahAja #socialdistancing #physicaldistancing #mainananak #kidzania #kidzaniaathome"
0,0.1369007270358999%,https://instagram.fcgk18-1.fna.fbcdn.net/v/t51.2885-15/e35/s1080x1080/91666097_1615847685246897_8480272146238235242_n.jpg?_nc_ht=instagram.fcgk18-1.fna.fbcdn.net&_nc_cat=109&_nc_ohc=r9j1ANgR4hcAX8ZMt_A&oh=ee4043c44ed1621fe2d355cf6605de0c&oe=5EE2166A,103,https://www.instagram.com/p/B-buI5TFW7C,Wed Apr 01 16:25:21 WIB 2020,"Kals!! Siapa yang hari ini sudah berjemur?? Jangan lupa untuk berjemur setiap harinya! Karena dengan berjemur di sinar matahari, tubuh kita bisa memproduksi vitamin D yang baik untuk kesehatan dan melawan banyak penyakit!.#KidZaniaDiRumahAja #mainDiRumahAja #dirumahaja #kidzaniaathome #kidzania #sunbathing #berjemur"
16,0.12892592740274067%,https://instagram.fcgk18-2.fna.fbcdn.net/v/t51.2885-15/e35/s1080x1080/91250026_2586884414918490_7902603283337616551_n.jpg?_nc_ht=instagram.fcgk18-2.fna.fbcdn.net&_nc_cat=106&_nc_ohc=4YE3e0hWHy4AX9ssBfr&oh=1ddfb129d6bc1b9efc4b94b0bfc14314&oe=5EE24340,81,https://www.instagram.com/p/B-bX3XllQmO,Wed Apr 01 13:10:43 WIB 2020,"Kals! Sudah memasuki bulan baru, apa saja kegiatan kalian selama #dirumahaja ? Share yuk di kolom komentar, agar yang lain juga bisa terinspirasi dengan kegiatanmu!.#KidZaniaDiRumahAja #mainDiRumahAja #dirumahaja #KidzaniaJakarta #jakarta #kidzania #socialdistancing #physicaldistancing #kidzaniaathome"
0,0.08639366269255819%,https://instagram.fcgk18-1.fna.fbcdn.net/v/t51.2885-15/e35/s1080x1080/91552268_1341381819404749_133862447579557909_n.jpg?_nc_ht=instagram.fcgk18-1.fna.fbcdn.net&_nc_cat=101&_nc_ohc=eaxV_t98ZlEAX-YC7t6&oh=fa25945cfb0ae2045fb8ddcbc281f2c4&oe=5EE3A02F,65,https://www.instagram.com/p/B-bB2gdlZkE,Wed Apr 01 09:58:21 WIB 2020,"Tak terasa sudah memasuki bulan ke-4 di tahun ini! Terus berharap agar keadaan bisa lebih cepat pulih, dan kita semua bisa selalu sehat dan melewati keadaan ini secepat mungkin! Jangan lupa untuk #dirumahaja dulu ya!.#KidZaniaDiRumahAja #KidzaniaJakarta #KidzaniaJakarta #kidzaniaathome"
1,0.11164719486422903%,https://instagram.fcgk18-2.fna.fbcdn.net/v/t51.2885-15/e35/s1080x1080/91342006_4247129258637948_4475497521271719594_n.jpg?_nc_ht=instagram.fcgk18-2.fna.fbcdn.net&_nc_cat=100&_nc_ohc=g9TKM4NBUlsAX8q1tkz&oh=27489615deafdda075d6cc39b3a9ceff&oe=5EE10C24,83,https://www.instagram.com/p/B-bB1LVFtO6,Wed Apr 01 09:58:10 WIB 2020,"Tak terasa sudah memasuki bulan ke-4 di tahun ini! Terus berharap agar keadaan bisa lebih cepat pulih, dan kita semua bisa selalu sehat dan melewati keadaan ini secepat mungkin! Jangan lupa untuk #dirumahaja dulu ya!.#KidZaniaDiRumahAja #KidzaniaJakarta #KidzaniaJakarta #kidzaniaathome"
0,0.05715273070430772%,https://instagram.fcgk18-2.fna.fbcdn.net/v/t51.2885-15/e35/s1080x1080/91224227_145315136902824_8631881290370897403_n.jpg?_nc_ht=instagram.fcgk18-2.fna.fbcdn.net&_nc_cat=100&_nc_ohc=2Ti5U0wwhlkAX-jp6o2&oh=42c67d7b930ac18bf8e25430f97b9c0f&oe=5EE41814,43,https://www.instagram.com/p/B-bBznclMjA,Wed Apr 01 09:57:58 WIB 2020,"Tak terasa sudah memasuki bulan ke-4 di tahun ini! Terus berharap agar keadaan bisa lebih cepat pulih, dan kita semua bisa selalu sehat dan melewati keadaan ini secepat mungkin! Jangan lupa untuk #dirumahaja dulu ya!.#KidZaniaDiRumahAja #KidzaniaJakarta #KidzaniaJakarta #kidzaniaathome"
0,0.09038106250913779%,https://instagram.fcgk18-2.fna.fbcdn.net/v/t51.2885-15/e35/s1080x1080/91302149_852345098599542_4745955692239503614_n.jpg?_nc_ht=instagram.fcgk18-2.fna.fbcdn.net&_nc_cat=106&_nc_ohc=hMRDplfFdB4AX97kEqm&oh=83b63db42a026c0b17de5ebd99893537&oe=5EE0BD49,68,https://www.instagram.com/p/B-ZDqoqFWln,Tue Mar 31 15:35:44 WIB 2020,"Ayo buat time capsule mu sendiri! Tulis harapan-harapan mu kelak, dan simpan di tempat yang aman dan mudah untuk diingat saat mencarinya. Lalu buka ketika kalian sudah dewasa nanti! Oh iya, jangan lupa share di social media kalian ketika sudah selesai membuatnya dan tag #KidzaniaJakarta juga gunakan hashtag #KidZaniaDiRumahAja ya!.#mainDiRumahAja #dirumahaja #physicaldistancing #selfquarantine #kidzania #parentingadvice #parentinggoals #parenting #aktivitasanak #kegiatananakdirumah"
0,0.16747079229634357%,https://instagram.fcgk18-1.fna.fbcdn.net/v/t51.2885-15/e35/s1080x1080/91715678_905643189879836_8652606673164677597_n.jpg?_nc_ht=instagram.fcgk18-1.fna.fbcdn.net&_nc_cat=108&_nc_ohc=FKgNCx08O8oAX9-1iGa&oh=b57a68f3487349ca18a15136905b0e12&oe=5EE0F635,126,https://www.instagram.com/p/B-YMeyEF81F,Tue Mar 31 07:33:31 WIB 2020,"Selaras dengan langkah pemerintah Indonesia dalam memastikan seluruh anak dan keluarga sehat dan aman, KidZania Jakarta memperpanjang penutupan operasional hingga 7 April 2020Tetap menjaga menjaga higienitas serta tidak bepergian keluar rumah dulu, ya Kals. Jangan lupa isi kegiatan di rumah mu dengan hal-hal positif dan menyehatkan! Sampai jumpa di KidZania Jakarta tanggal 8 April 2020ZanK-U!.#mainDiRumahAja #KidZaniaDiRumahAja #kidzaniaathome #KidZaniaJakarta #kidzania #COVID19 #dirumahaja #hygiene #healthy #sehat"
0,0.14088812685247948%,https://instagram.fcgk18-1.fna.fbcdn.net/v/t51.2885-15/e35/s1080x1080/91351288_2862285603862161_2137006232660526623_n.jpg?_nc_ht=instagram.fcgk18-1.fna.fbcdn.net&_nc_cat=109&_nc_ohc=gS1rSnuIWLAAX_8j1ZP&oh=026ec255a39e475d6796edcd47e33703&oe=5EE16EEE,106,https://www.instagram.com/p/B-WFKl4FT56,Mon Mar 30 11:51:07 WIB 2020,"Ini saatnya kamu mencoba jadi ilmuwan! Ayo buat hand senitizer mu sendiri, dan bagikan kepada keluarga dan orang-orang terdekat agar mereka bisa juga membersihkan tangan mereka dan terhindar dari berbagai virus! Jangan lupa share di social media mu dan tag kami ya, Kals!.##KidZaniaDiRumahAja #KidzaniaJakarta #mainDiRumahAja #handsanitizer #scientist #kegiatananak #kegiatananakdirumah #dirumahaja"
0,0.11031806159203583%,https://instagram.fcgk18-1.fna.fbcdn.net/v/t51.2885-15/e35/s1080x1080/91449436_2620008784923227_8718708454234764917_n.jpg?_nc_ht=instagram.fcgk18-1.fna.fbcdn.net&_nc_cat=111&_nc_ohc=nHPJQpTSzH0AX-5cfbg&oh=eb6e1342a157011c5736c306713e0e05&oe=5EE29DC4,83,https://www.instagram.com/p/B-VshdpF7ga,Mon Mar 30 08:15:47 WIB 2020,"Harta yang paling berharga adalah keluargaMungkin kita sering dengar ungkapan ini, dan itu sangat benar. Setelah sekian lama kita sibuk dengan aktivitas masing-masing, ayah bekerja di kantor, ibu bekerja (di rumah/di kantor), dan kamu yang dari pagi sekolah hingga malam baru pulang karena ada bimbingan belajar atau les musik juga olahraga, ini lah saatnya untuk kita lebih dekat lagi satu dengan yang lain dengan keluarga. Bermain board games bersama, berjemur bersama di pagi hari, atau berkarya bersama! Yuk isi kegiatan #dirumahaja dengan lebih mendekatkan diri dengan keluarga kita! Happy Monday!.#KidZaniaDiRumahAja #mainDiRumahAja #KidzaniaJakarta #jakartainfo #jktgo #jakarta #kidzaniaathome #main #qualitytime #mainananak"
2,0.1462046599412523%,https://instagram.fcgk18-1.fna.fbcdn.net/v/t51.2885-15/e35/s1080x1080/91181392_564303907512785_5057984741603792591_n.jpg?_nc_ht=instagram.fcgk18-1.fna.fbcdn.net&_nc_cat=105&_nc_ohc=hjRogPNj-zwAX_K3Ba5&oh=9d0c67bdacc9210ede3d79fe20bb74ec&oe=5EE08832,108,https://www.instagram.com/p/B-T7yY-l6FA,Sun Mar 29 15:50:41 WIB 2020,"Hari minggu, saat nya kita bertamasya!! Eh, jangan keluar rumah dulu ya, Kals! Kita bertamasya #dirumahaja! Yuk ikuti langkah-langkahnya dan bersiap untuk berwisata bersama keluarga di rumah!.#KidZaniaDiRumahAja #mainDiRumahAja #kidzaniaathome #kids #main #wisata #jakarta #tourism #vacation"
1,0.1369007270358999%,https://instagram.fcgk18-1.fna.fbcdn.net/v/t51.2885-15/e35/s1080x1080/90958513_291184005180543_2389453026335696295_n.jpg?_nc_ht=instagram.fcgk18-1.fna.fbcdn.net&_nc_cat=103&_nc_ohc=SO-Hxhuss9YAX9gugJh&oh=0555e4437743b1ffc9810f9247fb2b26&oe=5EE2DB17,102,https://www.instagram.com/p/B-TSTXnlhks,Sun Mar 29 09:48:11 WIB 2020,"#DiRumahAja serunya nonton TV bareng keluarga, Kals! Terutama menonton tayangan hiburan agar tidak bosan dan tetap semangat juga ceria selama berada di rumah!.#KidZaniaDiRumahAja #kidzania #kids #televisi #mainDiRumahAja #main #nonton"
1,0.091710195781331%,https://instagram.fcgk18-1.fna.fbcdn.net/v/t51.2885-15/e35/s1080x1080/91024907_1374191722765593_4789643249040840351_n.jpg?_nc_ht=instagram.fcgk18-1.fna.fbcdn.net&_nc_cat=109&_nc_ohc=-jV9ueSjP-0AX9aUAzD&oh=2636ac9bb59399b204e26805ce4f1deb&oe=5EE1603B,68,https://www.instagram.com/p/B-RU2OkliOl,Sat Mar 28 15:31:56 WIB 2020,"Weekend #dirumahaja sambil coba buat ini yuk, Kals! Makin seru ketika kalian membuatmya bersama semua anggota keluarga yang di rumah. Jangan lupa share hasil karya mu dan tag #KidzaniaJakarta ya!.#KidZaniaDiRumahAja #kidzania #kidzaniaathome #prakarya #anak #aktivitasanak"
1,0.15949599266318434%,https://instagram.fcgk18-1.fna.fbcdn.net/v/t51.2885-15/e35/s1080x1080/91041009_839093843244863_6047839796954884412_n.jpg?_nc_ht=instagram.fcgk18-1.fna.fbcdn.net&_nc_cat=111&_nc_ohc=T4EI9unOZkoAX9VidW1&oh=995d79673d65646a5edf669df76ddf79&oe=5EE3DF4F,119,https://www.instagram.com/p/B-Qu49VFcpR,Sat Mar 28 10:00:16 WIB 2020,"Zank-U untuk dokter, perawat, dan semua tenaga medis yang berada di garda terdepan dalam penanganan virus COVID-19 ini!Mereka yang siang malam merawat semua pasien, dengan mempertaruhkan kesehatan mereka juga waktu bersama keluarga. Penghargaan setinggi-tingginya untuk para pahlawan kemanusiaan ini! Yuk tulis di kolom komentar apa yang kalian akan sampaikan untuk para pahlawan kemanusiaan kita ini!.#KidZaniaDiRumahAja #kidzaniajakarta #jakarta #kidzaniaathome #dokter #perawat #suster #tenagakesehatan #dirumahaja #COVID19 #mainDiRumahAja"
4,0.14886292648563873%,https://instagram.fcgk18-2.fna.fbcdn.net/v/t51.2885-15/e35/s1080x1080/91058350_150629716420140_1617612903188571600_n.jpg?_nc_ht=instagram.fcgk18-2.fna.fbcdn.net&_nc_cat=100&_nc_ohc=CeCMYFRuY8AAX_uCnbs&oh=026939a8c75b38b3b4aa5fc179324ce8&oe=5EE2924A,108,https://www.instagram.com/p/B-OuX4OF61e,Fri Mar 27 15:17:16 WIB 2020,"Hari ini, kita coba buat toples penenang, yuk? Dengan toples ini, kalian bisa lebih mengetahui bahwa banyak sekalinemosi yang ada di dalam diri kalian. Oh iya, Kals, jangan lupa share hasil karyamu dengan post di social media mu dengan tag #KidZaniaJakarta dan sertakan hashtag #KidZaniaDiRumahAja! Kami tunggu!.#dirumahaja #mainDiRumahAja #main #kidzaniaathome #parentingadvice #parentingblogger #main #prakarya #permainan #permainananak"
1,0.1887369246514348%,https://instagram.fcgk18-2.fna.fbcdn.net/v/t51.2885-15/e35/s1080x1080/90826095_197698178323104_5834629421425743574_n.jpg?_nc_ht=instagram.fcgk18-2.fna.fbcdn.net&_nc_cat=100&_nc_ohc=w2SWqNJm4jUAX-tfHZS&oh=503e95c376078117da624d5e3a4c1557&oe=5EE07401,141,https://www.instagram.com/p/B-OUDV-l_R7,Fri Mar 27 11:27:16 WIB 2020,"Siapa yang ketika #dirumahaja sudah menata kembali kamar dan tempat belajar?? Atau ada yang juga mengecat kembali kamarnya? Share di kolom komentar ya!.#kidzaniajakarta #KidZaniaDiRumahAja #mainDiRumahAja #dulux #paint #kidzania #kidzaniaathome #socialdistancing #physicaldistancing #BangsaKuat #parentingblogger #parentingadvice #parentinggoals"
0,0.1448755266690591%,https://instagram.fcgk18-1.fna.fbcdn.net/v/t51.2885-15/e35/s1080x1080/91202337_621368358420089_7942113276033798423_n.jpg?_nc_ht=instagram.fcgk18-1.fna.fbcdn.net&_nc_cat=105&_nc_ohc=AxUK54F_ZRcAX_ur3JH&oh=ce6e1c90313c272b5344d791483beaa1&oe=5EE2C17B,109,https://www.instagram.com/p/B-MCRYdlvn_,Thu Mar 26 14:13:25 WIB 2020,"Hari ini ayo belajar berkonsentrasi! Selain kamu bisa melatih diri untuk konsentrasi, berlatih pernapasan juga bisa membuatmu lebih tenang. Yuk dicoba!.#KidZaniaDiRumahAja #mainDiRumahAja #kidzaniaathome #KidZaniaJakarta #jakarta #socialdistancing"
1,0.21399045682310566%,https://instagram.fcgk18-1.fna.fbcdn.net/v/t51.2885-15/e35/s1080x1080/90740369_159468485515557_6225587973279216260_n.jpg?_nc_ht=instagram.fcgk18-1.fna.fbcdn.net&_nc_cat=109&_nc_ohc=4jXckdvwWtcAX8FeDQj&oh=2d11ce6bcc81ccfd0023ae3126ea3801&oe=5EE2C293,160,https://www.instagram.com/p/B-LcL3tl0zN,Thu Mar 26 08:40:37 WIB 2020,"Kals!! Ga bosen kan #dirumahaja? Demi kesehatan dan keselamatan kita, kita di rumah dulu ya kals! Ternyata, karantina diri (self quarantine) dan social distancing ini punya banyak manfaat, lho! Swipe ya untuk tau lebih banyak manfaatnya!.#KidZaniaDiRumahAja #socialdistancing #KidZaniaJakarta #mainDiRumahAja #anak #parenting #infoparenting #islamicparenting"
2,0.13291332721932028%,https://instagram.fcgk18-1.fna.fbcdn.net/v/t51.2885-15/e35/90995995_667169727353399_5504381288872237427_n.jpg?_nc_ht=instagram.fcgk18-1.fna.fbcdn.net&_nc_cat=111&_nc_ohc=uVyEEoKSZEgAX-_VnvU&oh=1be39f6b7cadd97b192c13ace7166950&oe=5EE199BE,98,https://www.instagram.com/p/B-J6yo-l4R6,Wed Mar 25 18:29:34 WIB 2020,"Kalian suka mengumpulkan foto bersama keluarga? Nah, hari ini kita coba buat pohon keluarga dengan menyusun anggota keluarga kamu yuk. Jangan lupa tag KidZania Jakarta ya foto hasil prakarya mu dan sertakan hashtag #KidZaniaDiRumahAja! Selamat mencoba.#kidzaniajakarta #dirumahaja"
30,0.26582665443864056%,https://instagram.fcgk18-1.fna.fbcdn.net/v/t51.2885-15/e35/s1080x1080/91263929_225912858786719_4951751432449066583_n.jpg?_nc_ht=instagram.fcgk18-1.fna.fbcdn.net&_nc_cat=111&_nc_ohc=JXKhTu7dfncAX9jnFcM&oh=464efd38094dac2b9b603619accc8852&oe=5EE0A822,170,https://www.instagram.com/p/B-JqM55F538,Wed Mar 25 16:04:37 WIB 2020,"Kai! siapa yang bisa bantu urbano menjawab pertanyaan di atas?? share di kolom komentar ya!.#KidZaniaDiRumahAja #dirumahaja #kidzaniajakarta #kidzaniaathome #kuis #miniquiz #adakuis #infokuis #infokuisjkt"
0,0.11696372795300186%,https://instagram.fcgk18-1.fna.fbcdn.net/v/t51.2885-15/e35/s1080x1080/90417045_2739805979390581_8629719907644423756_n.jpg?_nc_ht=instagram.fcgk18-1.fna.fbcdn.net&_nc_cat=101&_nc_ohc=-4IU4Y65fPwAX-Yyirl&oh=cc9190975edcc6a587a5615153cbc241&oe=5EE168D5,88,https://www.instagram.com/p/B-JAyL8FDCD,Wed Mar 25 10:02:42 WIB 2020,"Selamat tahun baru saka dan menjalani Hari Raya Nyepi bagi umat Hindu di Indonesia. Semoga damai selalu beserta kita. .#KidZaniaDiRumahAja #kidzaniajakarta #nyepi #kidzania #kidzaniaathome"
2,0.24854792190012895%,https://instagram.fcgk18-2.fna.fbcdn.net/v/t51.2885-15/e35/s1080x1080/90441865_652484171981263_6332041887167833784_n.jpg?_nc_ht=instagram.fcgk18-2.fna.fbcdn.net&_nc_cat=107&_nc_ohc=5jIlAuOP2TcAX-CS-rW&oh=494e68e0eb79596e475c9de5db5e33e9&oe=5EE423D8,185,https://www.instagram.com/p/B-HaBVrlGLC,Tue Mar 24 19:04:44 WIB 2020,"Kerinduan #KidZaniaJakarta dengan kalian semua, baik anak-anak juga pendamping/orang tua dan guru-guru, sangat besar. Tetapi, kita harus sama-sama saling jaga, saling bantu, untuk melawan Virus COVID-19 ini dengan menerapkan karantina mandiri #dirumahaaja. Dengan begitu, kita bisa membantu orang-orang yang berada di garda depan - tenaga kesehatan, pemerintah, aparat - dalam melawan virus ini. Tapi tenang, kals, saat ini kita masih bisa bertemu lewat social media! Ikuti terus semua channel social media KidZania Jakarta, untuk mengetahui update menarik selama #KidZaniaDiRumahAja tentang info kegiatan menarik yang bisa buat kalian tidak bosan ketika melakukan karantina mandiri ini juga tentang informasi-informasi lainnya terkait KidZania Jakarta!.#mainDiRumahAja #socialdistancing #karantina #maindiKidZania #COVID19 #permainananak #bermain #bermainsambilbelajar #bermainbersamash #kidsindo #manualjakarta #themeparks #themepark #tempatmainananak #indonesiankids #mainananakmurah #mainananakcewek #mainananakcowok"
4,0.15019205975783192%,https://instagram.fcgk18-2.fna.fbcdn.net/v/t51.2885-15/e35/s1080x1080/90344659_495034464498410_976027967174774503_n.jpg?_nc_ht=instagram.fcgk18-2.fna.fbcdn.net&_nc_cat=102&_nc_ohc=p6rfPRmkMK0AX9pqgvK&oh=ae32daa0979447c2d4e39c4ce6ffc005&oe=5EE286EE,109,https://www.instagram.com/p/B-HDJmEFDg5,Tue Mar 24 15:44:53 WIB 2020,"Siapa yang sudah ikut membuat boneka tangan sendiri kemarin? Nah, hari ini kita coba buat yang satu ini, yuk? Jangan lupa tag KidZania Jakarta ya foto hasil prakarya mu dan sertakan hashtag #KidZaniaDiRumahAja! Selamat mencoba!.#kidzaniaathome #kidzania #KidZaniaJakarta #mainDiRumahAja #maindiKidZania #main #kreatif #parenting #homeparenting"
2,0.20069912410117363%,https://instagram.fcgk18-2.fna.fbcdn.net/v/t51.2885-15/e35/s1080x1080/90433716_2554501971438722_7731227227293050768_n.jpg?_nc_ht=instagram.fcgk18-2.fna.fbcdn.net&_nc_cat=102&_nc_ohc=fUBtHXFrukkAX-OrVOV&oh=ca99b3b1b5f14ec6d8088793c9b331b5&oe=5EE0E0C8,149,https://www.instagram.com/p/B-GgK9rF8nS,Tue Mar 24 10:39:14 WIB 2020,"Hobi buat kue? Yuk ajak keluarga membuat kue saat #dirumahaja. Kamu bisa mencoba berbagai jenis kue yang baru dan siapa tau mengasah kemampuan kamu sebagai pembuat kue..#KidZaniaDiRumahAja #kidzania #mainDiRumahAja #maindiKidZania #KidZaniaJakarta #jakarta #parentingquotes #parentingislami #parentinganak #parentinglife #parentinggoals #parentingmemes #parentingindonesia #parentingwin #parentingblogger #parentingadvice #jktinfo #jakartahits"
3,0.15550859284660473%,https://instagram.fcgk18-2.fna.fbcdn.net/v/t51.2885-15/e35/s1080x1080/90672394_678237146265318_8578356698944867361_n.jpg?_nc_ht=instagram.fcgk18-2.fna.fbcdn.net&_nc_cat=106&_nc_ohc=ZLU0ibByb8QAX9DsfmI&oh=2275d0d148693653b0d40940a09a8667&oe=5EE2CFEB,114,https://www.instagram.com/p/B-EqWNtl4rV,Mon Mar 23 17:29:41 WIB 2020,"Kals! Banyak hal yang bisa kita lakukan saat #dirumahaja bersama keluarga. Ayo coba aktivitas diatas dan ikuti petunjuknya. Jangan lupa share foto kalian saat melakukan aktivitas tersebut ya, dan sertakan #KidZaniaDiRumahAja..#KidZaniaJakarta #kidzania #jakarta #dirumahaja #socialdistancing #diy"
41,0.2844345202493454%,https://instagram.fcgk18-1.fna.fbcdn.net/v/t51.2885-15/e35/s1080x1080/90320240_1498938193602059_162095360980748161_n.jpg?_nc_ht=instagram.fcgk18-1.fna.fbcdn.net&_nc_cat=111&_nc_ohc=LidU7rbWqrwAX8afjz9&oh=154b52e7b70e4c5bb2bc7efb63f31591&oe=5EE14D66,173,https://www.instagram.com/p/B-ESV5cFlRB,Mon Mar 23 13:59:55 WIB 2020,"Sudah seminggu ini KidZania Jakarta tutup dalam mencegah penyebaran virus covid-19, apa saja yang kalian rindukan saat #maindiKidZania? Share di kolom komentar ya!.#KidZaniaJakarta #jakarta #kidzania #dirumahaja #socialdistancing"
0,0.15285032630221834%,https://instagram.fcgk18-1.fna.fbcdn.net/v/t51.2885-15/e35/s1080x1080/90877475_220192306006909_5258251858068914036_n.jpg?_nc_ht=instagram.fcgk18-1.fna.fbcdn.net&_nc_cat=101&_nc_ohc=P_BA-LyZWWEAX-6bYEf&oh=a4599fe5ea0df2159c20aff1cb87d673&oe=5EE23091,115,https://www.instagram.com/p/B-CEaDAF4q8,Sun Mar 22 17:19:40 WIB 2020,"Kesehatan dan kebersihan adalah yang terpenting untuk kita saat ini. Ayo sama-sama saling jaga kesehatan dan kebersihan diri juga orang-orang terdekat kita, agar kita semua sehat dan terhindar dari banyak penyakit, terutama #COVID19!.#mainDiRumahAja #maindiKidZania #hygiene #bersih #sehat"
58,0.2844345202493454%,https://instagram.fcgk18-1.fna.fbcdn.net/v/t51.2885-15/e35/s1080x1080/90355760_209719310241593_189850127761688422_n.jpg?_nc_ht=instagram.fcgk18-1.fna.fbcdn.net&_nc_cat=105&_nc_ohc=aqZjseIC8AwAX__eU3A&oh=6e1e2ecf42fa61d75192453a17ccd004&oe=5EE0ECC7,156,https://www.instagram.com/p/B9_S9RGFfqs,Sat Mar 21 15:29:06 WIB 2020,"Kals, agar kalian tidak bosan #dirumahaja, ayo bantu bache kira-kira serpihan puzzle mana yang cocok untuk melengkapi semua puzzle ini ya? Tulis jawabanmu di kolom komentar! Jaga kesehatan dan kebersihan juga ya Kals!.#maindiKidZania #KidZaniaJakarta #miniquiz #games #puzzle #kuis"
1,0.20867392373433283%,https://instagram.fcgk18-2.fna.fbcdn.net/v/t51.2885-15/e35/s1080x1080/90089417_507444786615810_4284616694238232714_n.jpg?_nc_ht=instagram.fcgk18-2.fna.fbcdn.net&_nc_cat=106&_nc_ohc=XgEJe9pUIoQAX-A9tCG&oh=554d60a91daf1e273a0153ccc06610a1&oe=5EE20F7D,156,https://www.instagram.com/p/B98ti-hlsHR,Fri Mar 20 15:23:43 WIB 2020,"Selaras dengan langkah pemerintah Indonesia dalam memastikan seluruh anak dan keluarga sehat dan aman, KidZania Jakarta memperpanjang penutupan operasional hingga 31 Maret 2020Tetap menjaga menjaga higienitas serta tidak bepergian keluar rumah dulu, ya Kals.Â Sampai jumpa di KidZania Jakarta tanggal 1 April 2020ZanK-U!.#maindiKidZania #KidZaniaJakarta #kidzania #COVID19 #dirumahaja #hygiene #healthy #sehat"
1,0.4452596461847229%,https://instagram.fcgk18-2.fna.fbcdn.net/v/t51.2885-15/e35/s1080x1080/90025630_508629166743127_6514085262738594627_n.jpg?_nc_ht=instagram.fcgk18-2.fna.fbcdn.net&_nc_cat=107&_nc_ohc=Jt8T-LjW5CMAX8aydUg&oh=db77c8079f3c21190ae8ddf3d8e9f513&oe=5EE11ADB,334,https://www.instagram.com/p/B95kpa5Fwzh,Thu Mar 19 10:08:14 WIB 2020,"Ini dia proses sterilisasi area bermain juga office #KidZaniaJakarta selama operasional KidZania tutup 16-31 Maret ini, Semua ruangan, lift, establishment, juga dapur di-sterilisasi guna mendukung langkah pemerintah untuk mencegah penyebaran virus Covid-19, sehingga di tanggal 1 April 2020 nanti siap digunakan kembali oleh anak-anak dan pengunjung dewasa lainnya. Jadi, tetap jaga kesehatan kalian selama kalian #dirumahaja agar minggu depan kalian bisa #maindiKidZania lagi!.#lawancorona #lawancovid19 #COVID19 #covid2019 #dirumahaja #disinfectant"
1,0.13955899358028628%,https://instagram.fcgk18-2.fna.fbcdn.net/v/t51.2885-15/e35/s1080x1080/90089866_2593193597455924_3084016031093773364_n.jpg?_nc_ht=instagram.fcgk18-2.fna.fbcdn.net&_nc_cat=104&_nc_ohc=RnI6YSW7ibQAX_Hdc9y&oh=a6675041d185e8840115001651ae5526&oe=5EE3DC96,104,https://www.instagram.com/p/B93i4utlsrL,Wed Mar 18 15:14:22 WIB 2020,"Salah satu upaya yang kita bisa lakukan untuk mengalahkan Coronavirus #COVID19 adalah dengan mengisolasikan diri kita di rumah masing-masing. Presiden Joko Widodo juga sudah memberikan himbauan untuk kita #dirumahaja agar penyebaran virus ini bisa dihentikan!.Ayo kita kalahkan Coronavirus dengan beraktivitas #dirumahaja dan selalu menjaga kesehatan tubuh kita!.#maindiKidZania #kidzaniajakarta #maindirumah #maindirumahaja #lawancorona"
3,0.22063612318407166%,https://instagram.fcgk18-2.fna.fbcdn.net/v/t51.2885-15/e35/s1080x1080/89863189_3039793176072688_3743372866231674113_n.jpg?_nc_ht=instagram.fcgk18-2.fna.fbcdn.net&_nc_cat=104&_nc_ohc=o1DiMCqoeXsAX89ncQn&oh=4f186532b04cf017e08d368d677e8e98&oe=5EE3E439,163,https://www.instagram.com/p/B902l9XlnML,Tue Mar 17 14:08:50 WIB 2020,"Kals, saat pemerintah sedang sibuk untuk menanggulangi virus #COVID19, berikut adalah hal-hal yang bisa kalian lakukan ketika kalian #dirumahaja agar tidak bosan dan tetap produktif. Yuk swipe untuk tau apa saja kegiatan tersebut!.#maindiKidZania #kidzaniajakarta #jakarta #workfromhome #studyfromhome #wfh #sfh #belajar #olahraga #bermain #keluarga #parenting"
1,0.3708281829419036%,https://instagram.fcgk18-2.fna.fbcdn.net/v/t51.2885-15/e35/90049918_582774405662320_2497134940179741081_n.jpg?_nc_ht=instagram.fcgk18-2.fna.fbcdn.net&_nc_cat=104&_nc_ohc=zSjRoO_YPekAX9vtOkg&oh=492223b41fc4473ec5afdf33875b921a&oe=5EBABC56,278,https://www.instagram.com/p/B9yiI-PFNug,Mon Mar 16 16:44:07 WIB 2020,"Proses pembersihan dengan disinfektan di area bermain juga ruang kerja karyawan #KidZaniaJakarta selama operasional KidZania tutup 16-31 Maret ini.Semua ruangan, termasuk establishment bermain, dibersihkan dan dilakukan disinfeksi guna mendukung langkah pemerintah untuk mencegah penyebaran virus Covid-19, sehingga di tanggal 23 Maret 2020 nanti aman, nyaman, dan siap digunakan kembali oleh pengunjung KidZania. Jadi, tetap jaga kesehatan selama kalian  #dirumahaja agar minggu depan kalian bisa #maindiKidZania lagi!.#KidZaniaJakarta #covid2019 #covÄ±d19 #jakarta #corona #pandemic"
5,0.366840783125324%,https://instagram.fcgk18-2.fna.fbcdn.net/v/t51.2885-15/e35/s1080x1080/89748741_123055395950678_5238115277875966932_n.jpg?_nc_ht=instagram.fcgk18-2.fna.fbcdn.net&_nc_cat=102&_nc_ohc=CTj3rHjPe34AX87MCsH&oh=067b765f77dc9921416ea0dad1486924&oe=5EE1B3F5,271,https://www.instagram.com/p/B9v5O1AF_ii,Sun Mar 15 15:55:41 WIB 2020,"KidZania Jakarta selalu berkomitmen tinggi mengedepankan kesehatan, keamanan, dan keselamatan masyarakat.Selaras dengan pernyataan pemerintah DKI dan Departemen Kesehatan, untuk mencegah penyebaran covid-19, KidZania Jakarta tidak akan beroperasi mulai tanggal 16 - 22 Maret 2020.Jangan lupa untuk selalu mencuci tangan, menjaga higienitas tubuh, makan makanan bergizi, dan hindari keluar rumah untuk sementara ya, kals. ZanK-U!.#maindiKidZania #kidzaniajakarta #covid2019 #corona #dirumahaja #maindirumah #parentingadvice #parenting #mainananak"
4,0.20202825737336683%,https://instagram.fcgk18-2.fna.fbcdn.net/v/t51.2885-15/e35/s1080x1080/89691309_205764387319240_8351046267161031960_n.jpg?_nc_ht=instagram.fcgk18-2.fna.fbcdn.net&_nc_cat=104&_nc_ohc=_bPCzLMJjaQAX_HE1Ab&oh=d0d3b77182f40d6813b6343d8944f4a1&oe=5EE29C25,148,https://www.instagram.com/p/B9stp7IlHte,Sat Mar 14 10:16:49 WIB 2020,"Untuk kalian yang ingin membeli barang menggunakan KidZos, Department store KidZania Jakarta pindah ke dekat Mitsubishi Race Track, ya! Ditunggu kunjungan mu di KidZania Jakarta!.#maindiKidZania #KidZaniaJakarta#jakarta #main #bermain #islamicparenting #kamaranak #anaksekolahan #anakpintar #anaklucu #anaksehat #gaunanak #playroom #playbasedlearning #playgroup #anakindonesia #lombafotoanakindonesia #infojkt #pacificplace #playground"
18,0.1860786581070484%,https://instagram.fcgk18-1.fna.fbcdn.net/v/t51.2885-15/e35/s1080x1080/89387661_228389518553429_2775114043820615613_n.jpg?_nc_ht=instagram.fcgk18-1.fna.fbcdn.net&_nc_cat=105&_nc_ohc=FFbt-fQLvLkAX_7xK7C&oh=8a3792b7712c9a0da59c42c9529af4e1&oe=5EE1122E,122,https://www.instagram.com/p/B9rM9m4FKxH,Fri Mar 13 20:11:54 WIB 2020,"INFO PENTING!! Ini adalah pengumuman tentang jam operasional dan harga tiket KidZania Jakarta dari tanggal 16-31 Maret 2020. Disimak ya, Kals! Jangan lupa disave juga agar muda untuk mencarinya..#maindiKidZania #kidzaniajakarta #kidzania #openhours #islamicparenting #kamaranak #anaksekolahan #anakpintar #anaklucu #anaksehat #gaunanak #playroom #playbasedlearning #playgroup #anakindonesia #lombafotoanakindonesia #infojkt #pacificplace #playground"
1,0.36152425003655114%,https://instagram.fcgk18-2.fna.fbcdn.net/v/t51.2885-15/e35/s1080x1080/89713925_205786670832282_8866579242289273021_n.jpg?_nc_ht=instagram.fcgk18-2.fna.fbcdn.net&_nc_cat=106&_nc_ohc=2MOCxw-PQkMAX-H8g3k&oh=b15666ef40161e65a369e09284ef0079&oe=5EE30C9A,271,https://www.instagram.com/p/B9q2_s2F1bg,Fri Mar 13 16:59:57 WIB 2020,"Inilah suasana re-opening AQUA Water Research Center dengan pengenalan zona baru Sampahku Tanggung Jawabku. Dihadiri oleh Bapak Kerry Riza, President Director of PT Aryan Indonesia (KidZania Indonesia), juga Ibu Intan Ayu Kartika, Brand Director Danone-AQUA. Di zona baru ini, kalian bisa belajar bertanggung jawab terhadap sampah plastik setelah dipakai sendiri menggunakan metode 3R ( Reduce - mengurangi sampah plastik, Reuse - menggunakan kembali, dan Recycle - mendaur ulang menjadi barang lain)..Selain itu kita juga bisa mengetahui jenis-jenis sampah, cara memilah dan membuang sampah, bagaimana cara mendaur ulang plastik bekas mengkonsumsi AQUA botol atau gelas, serta tau hasil dari proses daur ulang plastik..Seru kan?? Ayo #maindiKidZania dan kunjungi Establishment AQUA Water Research Center!..#kidzaniajakarta #jakarta #islamicparenting #kamaranak #anaksekolahan #anakpintar #anaklucu #anaksehat #gaunanak #playroom #playbasedlearning #playgroup #anakindonesia #lombafotoanakindonesia #infojkt #pacificplace #playground"
1,0.11430546140861544%,https://instagram.fcgk18-2.fna.fbcdn.net/v/t51.2885-15/fr/e15/s1080x1080/89670281_283224072666622_4977800808789663708_n.jpg?_nc_ht=instagram.fcgk18-2.fna.fbcdn.net&_nc_cat=110&_nc_ohc=1dbytWxvZBQAX-eO7h4&oh=651f4efdf21fcca58daf61633d2b2f1b&oe=5EE2AA77,85,https://www.instagram.com/p/B9qj9UkAMkR,Fri Mar 13 14:13:40 WIB 2020,"BESOK WEEKEND, KALS! Jangan lupa ikut #MISSIONPOSIBBLE saat #maindiKidZania dan dapatkan kesempatan memenangkan total 10 TIKET GRATIS KidZania! Kami tunggu kamu di KidZania Jakarta weekend ini ya! Zee-U!â£â£Syarat dan ketentuan:â£1. Daftarkan diri kamu di kolom komentar postingan ini dengan format Aku [nama kamu] mau tantang [mention 3 akun IG teman kamu] di #missionpossible #kidzaniajakarta (contoh: Aku @Urbano mau tantang @vita @bache @chika di #missionpossible #kidzaniajakarta)â£2. Wajib follow IG @kidzaniajakarta, daftar ulang saat di counter tiket KidZania Jakartaâ£2. Setiap team terdiri dari anak & orang tua, diberikan waktu selama 2 jam & petunjuk untuk mendapatkan stempel establishment sebanyak-banyaknyaâ£3. Setelah waktu aktivitas yang diberikan panitia kepada peserta habis, peserta wajib untuk kembali ke meja pendaftaran dan memberikan bukti kertas petunjuk yang sudah di stempel oleh tiap establishment yang peserta mainkanâ£4. Peserta yang paling banyak mengumpulkan stempel dengan waktu yang sudah ditentukan, akan mendapatkan hadiah menarik dari KidZania jakartaâ£5. Pengumuman pemenang akan diumumkan setiap hari Senin di Instagram Kidzania Jakartaâ£6. Juara 1 mendapat 5 Voucher, juara 2 mendapat 3 Voucher, juara 3 mendapat 2 Voucherâ£7. Periode program hingga Maret 2020"
0,0.15949599266318434%,https://instagram.fcgk18-1.fna.fbcdn.net/v/t51.2885-15/e35/s1080x1080/89821013_764321704095041_8115099375528497365_n.jpg?_nc_ht=instagram.fcgk18-1.fna.fbcdn.net&_nc_cat=105&_nc_ohc=G4r7QyStS7kAX8dNbaG&oh=7823e43bcba12f05331a29e9b7d2afe7&oe=5EE132C9,120,https://www.instagram.com/p/B9qH-T8FQOg,Fri Mar 13 10:09:04 WIB 2020,"Weekend ini waktunya #parentsexperience!! Ayo moms ajak buah hati mu untuk #maindiKidZania bersama-sama di weekend ini! Zee-U!.In frame: @reisabrotoasmoro..#maindiKidZania #parentingadvice #jakarta #parentingquotes #parentingislami #parentinganak #parentinglife #parentinggoals #parentingmemes #parentingindonesia #parentingwin #parentingblogger #parentingadvice #jktinfo #jakartahits"
0,0.11164719486422903%,https://instagram.fcgk18-2.fna.fbcdn.net/v/t51.2885-15/fr/e15/s1080x1080/89850705_213716329685704_188906757294600555_n.jpg?_nc_ht=instagram.fcgk18-2.fna.fbcdn.net&_nc_cat=104&_nc_ohc=kf1gpbW9y5MAX8VKQDG&oh=fe7b3d0fdc1a97dfb3ea8fcc578b6884&oe=5EE1FF4E,84,https://www.instagram.com/p/B9nmZL5nuJj,Thu Mar 12 10:37:13 WIB 2020,"Ethan Hunt adalah karakter fiksi dalam serial Mission Impossible yang merupakan secret agent yang mendapatkan banyak misi sulit dan seakan tidak mungkin dilakukan, tapi akhirnya dia selalu berhasil melakukan misinya. Yuk jadi Secret Agent di Allianz Secret Agent saat #maindiKidZania dan jadi secret agent yang Kool seperti Ethan Hunt!â£.â£#kidzaniajakarta #jakarta #parentingquotes #parentingislami #parentinganak #parentinglife #parentinggoals #parentingmemes #parentingindonesia #parentingwin #parentingblogger #parentingadvice #jktinfo #jakartahits"
